A,B,C,D,E,F,G,H,I
Co-culture ID,Strain 1,Strain 2,Strain 3,"Strain 1+2+3
fold growth
(T84)","Strain 1+2
fold growth (T84)","Strain 1+3
fold growth (T84)","Strain 2+3
fold growth (T84)",
1,R,C,G,4.5,1.6,8.8,21,
2,R,C,H,1,1.6,1.6,1,
3,R,C,I,2.5,1.6,23.6,3.2,
4,R,C,L,2.1999999999999997,1.6,9,3,
5,R,C,K,13.700000000000001,1.6,48.8,32.6,
6,R,C,M,0.7,1.6,42.6,2,
7,R,C,F,3.4000000000000004,1.6,72.4,73.8,
8,R,C,P,2.5999999999999996,1.6,4.2,6,
9,R,C,S,0.3,1.6,2.2,0,
10,R,C,T,1.2999999999999998,1.6,0.4,0.2,
11,R,C,W,5.199999999999999,1.6,21.8,8.6,
12,R,C,Y,3.5999999999999996,1.6,14.6,4.4,
13,R,G,H,2.1,8.8,1.6,1.4,
14,R,G,I,9.2,8.8,23.6,4.8,
15,R,G,L,4.5,8.8,9,3.4,
16,R,G,K,7.000000000000001,8.8,48.8,25,
17,R,G,M,44,8.8,42.6,68,
18,R,G,F,28.199999999999996,8.8,72.4,17.8,
19,R,G,P,6.2,8.8,4.2,5,
20,R,G,S,4.3,8.8,2.2,4.2,
21,R,G,T,3.5999999999999996,8.8,0.4,2.6,
22,R,G,W,14.099999999999998,8.8,21.8,5.4,
23,R,G,Y,6.2,8.8,14.6,2.6,
24,R,H,I,2.4,1.6,23.6,2.6,
25,R,H,L,2.3,1.6,9,2.2,
26,R,H,K,3.2,1.6,48.8,8.2,
27,R,H,M,1.7999999999999998,1.6,42.6,14.8,
28,R,H,F,2.3,1.6,72.4,20,
29,R,H,P,2,1.6,4.2,3,
30,R,H,S,2,1.6,2.2,1.2,
31,R,H,T,1.4,1.6,0.4,1,
32,R,H,W,3.6999999999999997,1.6,21.8,7.2,
33,R,H,Y,2.8,1.6,14.6,2.2,
34,R,I,L,3.8,23.6,9,2.2,
35,R,I,K,41.4,23.6,48.8,54.2,
36,R,I,M,60.3,23.6,42.6,88.6,
37,R,I,F,6.9,23.6,72.4,66.2,
38,R,I,P,5.8999999999999995,23.6,4.2,4.8,
39,R,I,S,2.4,23.6,2.2,2.8,
40,R,I,T,2.1,23.6,0.4,2.6,
41,R,I,W,9.5,23.6,21.8,24,
42,R,I,Y,6.3,23.6,14.6,5.6,
43,R,L,K,37.3,9,48.8,23.2,
44,R,L,M,9.7,9,42.6,30,
45,R,L,F,6.1,9,72.4,33.4,
46,R,L,P,4.3999999999999995,9,4.2,2.4,
47,R,L,S,1.7000000000000002,9,2.2,2.4,
48,R,L,T,5,9,0.4,2,
49,R,L,W,10.2,9,21.8,8.6,
50,R,L,Y,5.8,9,14.6,8,
51,R,K,M,64.1,48.8,42.6,50.8,
52,R,K,F,61.3,48.8,72.4,44.6,
53,R,K,P,35.599999999999994,48.8,4.2,23.6,
54,R,K,S,5.3,48.8,2.2,25,
55,R,K,T,3.9,48.8,0.4,45.4,
56,R,K,W,62.4,48.8,21.8,30.6,
57,R,K,Y,51,48.8,14.6,33.6,
58,R,M,F,73.2,42.6,72.4,45.4,
59,R,M,P,6.6000000000000005,42.6,4.2,50.2,
60,R,M,S,17.2,42.6,2.2,3.2,
61,R,M,T,3.2,42.6,0.4,97.8,
62,R,M,W,50.3,42.6,21.8,24.4,
63,R,M,Y,47.099999999999994,42.6,14.6,53.6,
64,R,F,P,7.9,72.4,4.2,23.8,
65,R,F,S,4.6,72.4,2.2,3.8,
66,R,F,T,4,72.4,0.4,4.8,
67,R,F,W,66.7,72.4,21.8,17.2,
68,R,F,Y,54.5,72.4,14.6,57.2,
69,R,P,S,7.9,4.2,2.2,2.2,
70,R,P,T,6.7,4.2,0.4,2,
71,R,P,W,15,4.2,21.8,10.8,
72,R,P,Y,19.2,4.2,14.6,8,
73,R,S,T,5.6,2.2,0.4,0.6,
74,R,S,W,6.800000000000001,2.2,21.8,3.4,
75,R,S,Y,4.6,2.2,14.6,1.4,
76,R,T,W,4.3999999999999995,0.4,21.8,8.6,
77,R,T,Y,4.5,0.4,14.6,2,
78,R,W,Y,39.5,21.8,14.6,24.2,
79,C,G,H,2,21,1,1.4,
80,C,G,I,22.900000000000002,21,3.2,4.8,
81,C,G,L,2.8,21,3,3.4,
82,C,G,K,3.5000000000000004,21,32.6,25,
83,C,G,M,2,21,2,68,
84,C,G,F,36.699999999999996,21,73.8,17.8,
85,C,G,P,2.6999999999999997,21,6,5,
86,C,G,S,1.0999999999999999,21,0,4.2,
87,C,G,T,0.8,21,0.2,2.6,
88,C,G,W,15.9,21,8.6,5.4,
89,C,G,Y,5.8999999999999995,21,4.4,2.6,
90,C,H,I,1.0999999999999999,1,3.2,2.6,
91,C,H,L,0.7,1,3,2.2,
92,C,H,K,1.2999999999999998,1,32.6,8.2,
93,C,H,M,2,1,2,14.8,
94,C,H,F,2.1,1,73.8,20,
95,C,H,P,1.2999999999999998,1,6,3,
96,C,H,S,2,1,0,1.2,
97,C,H,T,0.8,1,0.2,1,
98,C,H,W,2.1999999999999997,1,8.6,7.2,
99,C,H,Y,2,1,4.4,2.2,
100,C,I,L,1.7000000000000002,3.2,3,2.2,
101,C,I,K,3.2,3.2,32.6,54.2,
102,C,I,M,2.1,3.2,2,88.6,
103,C,I,F,3.5000000000000004,3.2,73.8,66.2,
104,C,I,P,3,3.2,6,4.8,
105,C,I,S,2.1999999999999997,3.2,0,2.8,
106,C,I,T,1.2,3.2,0.2,2.6,
107,C,I,W,3.5000000000000004,3.2,8.6,24,
108,C,I,Y,3.6999999999999997,3.2,4.4,5.6,
109,C,L,K,3.5000000000000004,3,32.6,23.2,
110,C,L,M,5.3,3,2,30,
111,C,L,F,3.1,3,73.8,33.4,
112,C,L,P,2.8,3,6,2.4,
113,C,L,S,1.5,3,0,2.4,
114,C,L,T,3,3,0.2,2,
115,C,L,W,5.7,3,8.6,8.6,
116,C,L,Y,3.5999999999999996,3,4.4,8,
117,C,K,M,3.8,32.6,2,50.8,
118,C,K,F,55.50000000000001,32.6,73.8,44.6,
119,C,K,P,3.3000000000000003,32.6,6,23.6,
120,C,K,S,5,32.6,0,25,
121,C,K,T,1.4,32.6,0.2,45.4,
122,C,K,W,28.599999999999998,32.6,8.6,30.6,
123,C,K,Y,11.3,32.6,4.4,33.6,
124,C,M,F,4,2,73.8,45.4,
125,C,M,P,3.5000000000000004,2,6,50.2,
126,C,M,S,7.9,2,0,3.2,
127,C,M,T,2.3,2,0.2,97.8,
128,C,M,W,3.8,2,8.6,24.4,
129,C,M,Y,4.2,2,4.4,53.6,
130,C,F,P,4.3999999999999995,73.8,6,23.8,
131,C,F,S,1.2999999999999998,73.8,0,3.8,
132,C,F,T,1.4,73.8,0.2,4.8,
133,C,F,W,29.299999999999997,73.8,8.6,17.2,
134,C,F,Y,21.2,73.8,4.4,57.2,
135,C,P,S,3.2,6,0,2.2,
136,C,P,T,3.6999999999999997,6,0.2,2,
137,C,P,W,9.4,6,8.6,10.8,
138,C,P,Y,10.399999999999999,6,4.4,8,
139,C,S,T,3.1,0,0.2,0.6,
140,C,S,W,2.9,0,8.6,3.4,
141,C,S,Y,2.4,0,4.4,1.4,
142,C,T,W,5,0.2,8.6,8.6,
143,C,T,Y,5.3999999999999995,0.2,4.4,2,
144,C,W,Y,19.900000000000002,8.6,4.4,24.2,
145,G,H,I,3,1.4,4.8,2.6,
146,G,H,L,2.9,1.4,3.4,2.2,
147,G,H,K,4.3999999999999995,1.4,25,8.2,
148,G,H,M,6.7,1.4,68,14.8,
149,G,H,F,3.6999999999999997,1.4,17.8,20,
150,G,H,P,2,1.4,5,3,
151,G,H,S,2.4,1.4,4.2,1.2,
152,G,H,T,1.6,1.4,2.6,1,
153,G,H,W,3.9,1.4,5.4,7.2,
154,G,H,Y,4.3999999999999995,1.4,2.6,2.2,
155,G,I,L,8.2,4.8,3.4,2.2,
156,G,I,K,9.4,4.8,25,54.2,
157,G,I,M,58.199999999999996,4.8,68,88.6,
158,G,I,F,12.8,4.8,17.8,66.2,
159,G,I,P,6.7,4.8,5,4.8,
160,G,I,S,26.7,4.8,4.2,2.8,
161,G,I,T,5.8999999999999995,4.8,2.6,2.6,
162,G,I,W,6.7,4.8,5.4,24,
163,G,I,Y,21,4.8,2.6,5.6,
164,G,L,K,4.9,3.4,25,23.2,
165,G,L,M,27,3.4,68,30,
166,G,L,F,44.5,3.4,17.8,33.4,
167,G,L,P,5,3.4,5,2.4,
168,G,L,S,4.2,3.4,4.2,2.4,
169,G,L,T,6.1,3.4,2.6,2,
170,G,L,W,5.7,3.4,5.4,8.6,
171,G,L,Y,7.3999999999999995,3.4,2.6,8,
172,G,K,M,52.2,25,68,50.8,
173,G,K,F,35.8,25,17.8,44.6,
174,G,K,P,4.3999999999999995,25,5,23.6,
175,G,K,S,3.2,25,4.2,25,
176,G,K,T,3.3000000000000003,25,2.6,45.4,
177,G,K,W,21.2,25,5.4,30.6,
178,G,K,Y,11.799999999999999,25,2.6,33.6,
179,G,M,F,47.199999999999996,68,17.8,45.4,
180,G,M,P,14.099999999999998,68,5,50.2,
181,G,M,S,3.5000000000000004,68,4.2,3.2,
182,G,M,T,11.3,68,2.6,97.8,
183,G,M,W,30.9,68,5.4,24.4,
184,G,M,Y,16.6,68,2.6,53.6,
185,G,F,P,7.7,17.8,5,23.8,
186,G,F,S,5.199999999999999,17.8,4.2,3.8,
187,G,F,T,6.7,17.8,2.6,4.8,
188,G,F,W,53.4,17.8,5.4,17.2,
189,G,F,Y,6.5,17.8,2.6,57.2,
190,G,P,S,2.9,5,4.2,2.2,
191,G,P,T,2.9,5,2.6,2,
192,G,P,W,6.6000000000000005,5,5.4,10.8,
193,G,P,Y,18,5,2.6,8,
194,G,S,T,50.4,4.2,2.6,0.6,
195,G,S,W,9.1,4.2,5.4,3.4,
196,G,S,Y,5.199999999999999,4.2,2.6,1.4,
197,G,T,W,5.199999999999999,2.6,5.4,8.6,
198,G,T,Y,6,2.6,2.6,2,
199,G,W,Y,18.5,5.4,2.6,24.2,
200,H,I,L,2.5,2.6,2.2,2.2,
201,H,I,K,3.9,2.6,8.2,54.2,
202,H,I,M,9.8,2.6,14.8,88.6,
203,H,I,F,3.5999999999999996,2.6,20,66.2,
204,H,I,P,2.1999999999999997,2.6,3,4.8,
205,H,I,S,1.4,2.6,1.2,2.8,
206,H,I,T,2.4,2.6,1,2.6,
207,H,I,W,3.1,2.6,7.2,24,
208,H,I,Y,4,2.6,2.2,5.6,
209,H,L,K,3.3000000000000003,2.2,8.2,23.2,
210,H,L,M,20.5,2.2,14.8,30,
211,H,L,F,5.5,2.2,20,33.4,
212,H,L,P,2.8,2.2,3,2.4,
213,H,L,S,2.4,2.2,1.2,2.4,
214,H,L,T,4.1,2.2,1,2,
215,H,L,W,4,2.2,7.2,8.6,
216,H,L,Y,2.8,2.2,2.2,8,
217,H,K,M,7.5,8.2,14.8,50.8,
218,H,K,F,26.6,8.2,20,44.6,
219,H,K,P,3.5000000000000004,8.2,3,23.6,
220,H,K,S,1.7999999999999998,8.2,1.2,25,
221,H,K,T,1.6,8.2,1,45.4,
222,H,K,W,15.1,8.2,7.2,30.6,
223,H,K,Y,9.6,8.2,2.2,33.6,
224,H,M,F,67.5,14.8,20,45.4,
225,H,M,P,4.5,14.8,3,50.2,
226,H,M,S,24.099999999999998,14.8,1.2,3.2,
227,H,M,T,2.9,14.8,1,97.8,
228,H,M,W,6.4,14.8,7.2,24.4,
229,H,M,Y,5.199999999999999,14.8,2.2,53.6,
230,H,F,P,3,20,3,23.8,
231,H,F,S,1,20,1.2,3.8,
232,H,F,T,1.2999999999999998,20,1,4.8,
233,H,F,W,34.2,20,7.2,17.2,
234,H,F,Y,3.1,20,2.2,57.2,
235,H,P,S,2.6999999999999997,3,1.2,2.2,
236,H,P,T,3.2,3,1,2,
237,H,P,W,6.7,3,7.2,10.8,
238,H,P,Y,7.1,3,2.2,8,
239,H,S,T,4.1,1.2,1,0.6,
240,H,S,W,2.6999999999999997,1.2,7.2,3.4,
241,H,S,Y,1.9,1.2,2.2,1.4,
242,H,T,W,2.1,1,7.2,8.6,
243,H,T,Y,3.1,1,2.2,2,
244,H,W,Y,6.800000000000001,7.2,2.2,24.2,
245,I,L,K,51.9,2.2,54.2,23.2,
246,I,L,M,48,2.2,88.6,30,
247,I,L,F,7.000000000000001,2.2,66.2,33.4,
248,I,L,P,33,2.2,4.8,2.4,
249,I,L,S,4.6,2.2,2.8,2.4,
250,I,L,T,7.8,2.2,2.6,2,
251,I,L,W,8.7,2.2,24,8.6,
252,I,L,Y,7.6,2.2,5.6,8,
253,I,K,M,60.699999999999996,54.2,88.6,50.8,
254,I,K,F,47.8,54.2,66.2,44.6,
255,I,K,P,10.399999999999999,54.2,4.8,23.6,
256,I,K,S,61.4,54.2,2.8,25,
257,I,K,T,13.1,54.2,2.6,45.4,
258,I,K,W,50.9,54.2,24,30.6,
259,I,K,Y,22,54.2,5.6,33.6,
260,I,M,F,58.4,88.6,66.2,45.4,
261,I,M,P,51.7,88.6,4.8,50.2,
262,I,M,S,9.1,88.6,2.8,3.2,
263,I,M,T,41.699999999999996,88.6,2.6,97.8,
264,I,M,W,46.800000000000004,88.6,24,24.4,
265,I,M,Y,67.7,88.6,5.6,53.6,
266,I,F,P,5.6,66.2,4.8,23.8,
267,I,F,S,3.1,66.2,2.8,3.8,
268,I,F,T,4.8,66.2,2.6,4.8,
269,I,F,W,45.4,66.2,24,17.2,
270,I,F,Y,5.8999999999999995,66.2,5.6,57.2,
271,I,P,S,4.8,4.8,2.8,2.2,
272,I,P,T,5.7,4.8,2.6,2,
273,I,P,W,9,4.8,24,10.8,
274,I,P,Y,10,4.8,5.6,8,
275,I,S,T,3.9,2.8,2.6,0.6,
276,I,S,W,2.5999999999999996,2.8,24,3.4,
277,I,S,Y,2.3,2.8,5.6,1.4,
278,I,T,W,4.5,2.6,24,8.6,
279,I,T,Y,4.6,2.6,5.6,2,
280,I,W,Y,9.7,24,5.6,24.2,
281,L,K,M,45.5,23.2,30,50.8,
282,L,K,F,48.9,23.2,33.4,44.6,
283,L,K,P,4,23.2,2.4,23.6,
284,L,K,S,2.8,23.2,2.4,25,
285,L,K,T,4.3999999999999995,23.2,2,45.4,
286,L,K,W,44.9,23.2,8.6,30.6,
287,L,K,Y,23.799999999999997,23.2,8,33.6,
288,L,M,F,48.5,30,33.4,45.4,
289,L,M,P,6.9,30,2.4,50.2,
290,L,M,S,8.1,30,2.4,3.2,
291,L,M,T,3.2,30,2,97.8,
292,L,M,W,43.199999999999996,30,8.6,24.4,
293,L,M,Y,15.4,30,8,53.6,
294,L,F,P,4.7,33.4,2.4,23.8,
295,L,F,S,2.5999999999999996,33.4,2.4,3.8,
296,L,F,T,3.1,33.4,2,4.8,
297,L,F,W,64.8,33.4,8.6,17.2,
298,L,F,Y,47.599999999999994,33.4,8,57.2,
299,L,P,S,5.6,2.4,2.4,2.2,
300,L,P,T,4.9,2.4,2,2,
301,L,P,W,57.699999999999996,2.4,8.6,10.8,
302,L,P,Y,8.6,2.4,8,8,
303,L,S,T,6.2,2.4,2,0.6,
304,L,S,W,5.7,2.4,8.6,3.4,
305,L,S,Y,4,2.4,8,1.4,
306,L,T,W,2.8,2,8.6,8.6,
307,L,T,Y,5.1,2,8,2,
308,L,W,Y,11.6,8.6,8,24.2,
309,K,M,F,62.4,50.8,44.6,45.4,
310,K,M,P,37.3,50.8,23.6,50.2,
311,K,M,S,7.199999999999999,50.8,25,3.2,
312,K,M,T,10.299999999999999,50.8,45.4,97.8,
313,K,M,W,50.1,50.8,30.6,24.4,
314,K,M,Y,60.8,50.8,33.6,53.6,
315,K,F,P,55.900000000000006,44.6,23.6,23.8,
316,K,F,S,6.6000000000000005,44.6,25,3.8,
317,K,F,T,10.9,44.6,45.4,4.8,
318,K,F,W,54.6,44.6,30.6,17.2,
319,K,F,Y,51.3,44.6,33.6,57.2,
320,K,P,S,3.8,23.6,25,2.2,
321,K,P,T,5.8999999999999995,23.6,45.4,2,
322,K,P,W,41.5,23.6,30.6,10.8,
323,K,P,Y,16.2,23.6,33.6,8,
324,K,S,T,5.3999999999999995,25,45.4,0.6,
325,K,S,W,44.7,25,30.6,3.4,
326,K,S,Y,3.9,25,33.6,1.4,
327,K,T,W,15.8,45.4,30.6,8.6,
328,K,T,Y,6.4,45.4,33.6,2,
329,K,W,Y,48.9,30.6,33.6,24.2,
330,M,F,P,53.300000000000004,45.4,50.2,23.8,
331,M,F,S,5.5,45.4,3.2,3.8,
332,M,F,T,20,45.4,97.8,4.8,
333,M,F,W,53,45.4,24.4,17.2,
334,M,F,Y,62.5,45.4,53.6,57.2,
335,M,P,S,10.9,50.2,3.2,2.2,
336,M,P,T,7.6,50.2,97.8,2,
337,M,P,W,50.1,50.2,24.4,10.8,
338,M,P,Y,22,50.2,53.6,8,
339,M,S,T,7.6,3.2,97.8,0.6,
340,M,S,W,14.000000000000002,3.2,24.4,3.4,
341,M,S,Y,9.1,3.2,53.6,1.4,
342,M,T,W,3.4000000000000004,97.8,24.4,8.6,
343,M,T,Y,4.3999999999999995,97.8,53.6,2,
344,M,W,Y,41.5,24.4,53.6,24.2,
345,F,P,S,3.4000000000000004,23.8,3.8,2.2,
346,F,P,T,5.8,23.8,4.8,2,
347,F,P,W,29.099999999999998,23.8,17.2,10.8,
348,F,P,Y,11.6,23.8,57.2,8,
349,F,S,T,4.5,3.8,4.8,0.6,
350,F,S,W,7.1,3.8,17.2,3.4,
351,F,S,Y,3.3000000000000003,3.8,57.2,1.4,
352,F,T,W,4,4.8,17.2,8.6,
353,F,T,Y,5.3,4.8,57.2,2,
354,F,W,Y,46.800000000000004,17.2,57.2,24.2,
355,P,S,T,8.6,2.2,2,0.6,
356,P,S,W,4.7,2.2,10.8,3.4,
357,P,S,Y,3,2.2,8,1.4,
358,P,T,W,42.199999999999996,2,10.8,8.6,
359,P,T,Y,57.8,2,8,2,
360,P,W,Y,10.6,10.8,8,24.2,
361,S,T,W,3.1,0.6,3.4,8.6,
362,S,T,Y,3.9,0.6,1.4,2,
363,S,W,Y,5.3,3.4,1.4,24.2,
364,T,W,Y,7.000000000000001,8.6,2,24.2,
