A,B,C,D
amino acid,KO target,"extracellular aa needed per cell 
[# aa/cell]",biosynthetic cost [~p]
C,cysE,2.1609944450026557e8,23
F,pheA,3.691773458589159e7,46
G,glyA,5.812932084643704e8,10
H,hisB,3.0695423109545242e7,33
I,ilvA,7.477180444900928e7,29
K,lysA,1.1141618069328912e8,27
L,leuB,1.260972259447869e8,22
M,metA,4.110176201110607e7,31
P,proA,4.433874744142898e8,16
R,argA,1.0063704486052525e8,23
S,serA,1.591757329696239e9,10
T,thrC,3.045425489735975e8,17
W,trpC,1.461519153158836e7,63
Y,tyrA,3.674491508923517e7,44
