A,B,C,D,E,F,G,H,I,J,K,L,M,N,O,P,Q,R,S,T,U,V,W,X,Y,Z,AA,AB,AC,AD,AE,AF,AG,AH,AI,AJ,AK,AL,AM,AN,AO
,Average cell concentration (cell/ml),,,,,,,,,,,,,,,,,,,,,,,,,,,,,,,,,,,,,,,
,14-member ,,,,,,,,13-member: ∆K dropout,,,,,,,,13-member: ∆R dropout,,,,,,,,13-member: ∆T dropout,,,,,,,,13-member: ∆M dropout,,,,,,,
,Day 0,Day 1,Day 2,Day 3,Day 4,Day 5,Day 6,Day 7,Day 0,Day 1,Day 2,Day 3,Day 4,Day 5,Day 6,Day 7,Day 0,Day 1,Day 2,Day 3,Day 4,Day 5,Day 6,Day 7,Day 0,Day 1,Day 2,Day 3,Day 4,Day 5,Day 6,Day 7,Day 0,Day 1,Day 2,Day 3,Day 4,Day 5,Day 6,Day 7
C,2.4734e7,615180.6,0.0,0.0,0.0,0.0,0.0,0.0,3.8668e7,1.1310081022199437e6,0.0,0.0,0.0,0.0,0.0,0.0,3.4307e7,980826.5441301297,0.0,0.0,0.0,0.0,0.0,0.0,3.64e7,0.0,0.0,0.0,0.0,0.0,0.0,0.0,4.0678e7,1.742830324837663e7,1.3570396408707315e7,5.895892923720254e6,897415.6248922178,258161.37751331658,0.0,0.0
F,1.65668e7,51265.049999999996,0.0,0.0,0.0,0.0,0.0,0.0,4.0433e7,276982.1163628371,0.0,0.0,0.0,0.0,0.0,0.0,2.4716e7,168490.59182877824,0.0,0.0,0.0,0.0,0.0,0.0,4.68e7,0.0,0.0,0.0,0.0,0.0,0.0,0.0,4.7689e7,250841.7111932303,0.0,0.0,0.0,0.0,0.0,0.0
G,2.4534799999999996e7,136706.80000000002,0.0,0.0,0.0,0.0,0.0,0.0,4.0222e7,408981.7470835673,0.0,0.0,0.0,0.0,0.0,0.0,3.0008e7,328285.7805150937,0.0,0.0,0.0,0.0,0.0,0.0,4.16e7,1.614615e6,0.0,0.0,0.0,0.0,0.0,0.0,4.3261e7,197953.8999275581,0.0,0.0,0.0,0.0,0.0,0.0
H,2.33064e7,119618.45,0.0,0.0,0.0,0.0,0.0,0.0,3.8817e7,210721.64589474353,0.0,0.0,0.0,0.0,6274.973488673922,0.0,3.2327e7,185332.56761627525,0.0,0.0,0.0,0.0,0.0,0.0,4.16e7,0.0,0.0,0.0,0.0,0.0,0.0,0.0,4.2025e7,95492.00206850009,0.0,0.0,0.0,0.0,2536.0949475392777,0.0
I,2.5398e7,2.4265457e6,1.393533035e6,0.0,7.928415e6,1.5174253736e7,1.049240265e7,1.829512e7,4.2162e7,5.334961193656077e6,782389.5542742404,249285.3959841625,47955.30832096196,0.0,0.0,0.0,3.0507000000000004e7,5.148087691530789e6,951000.1836232849,780426.9741793734,1.2708918938961236e8,4.524432078949486e7,4.550807528139662e7,7.203965184669513e7,4.16e7,9.68769e6,4.3203972e7,8.468045e6,3.84285e7,1.037085e8,4.158171e7,1.53821022e8,4.0163e7,3.2180358248498263e6,1.5519965284053506e6,4.143091875144961e7,3.0911453265558224e7,2.669272291051148e7,1.1907954442322794e7,3.1176748471422367e7
K,2.7888e7,1.62339325e7,1.68682312725e8,4.49586453075e7,1.7295795e7,3.0367287489000004e7,2.501161929e7,5.06483e7,0.0,0.0,0.0,0.0,0.0,0.0,4105.264397368763,0.0,3.555799999999999e7,3.0272665278461706e7,1.2321380031376873e8,1.987552824608807e8,6.039665570222865e7,9.58550357022534e6,6.189758053146524e6,5.96065013640674e6,4.16e7,2.2604610000000004e7,8.370769575e7,5.4195488e7,7.860375e7,4.44465e7,2.310095e7,8.46015621e7,3.8575e7,2.383995271607907e8,2.150106192512275e8,5.4620430422637604e7,1.550387965826909e7,7.859516362664283e6,2.1270639426503545e6,1.329239283249651e7
L,2.30076e7,581003.9,97223.23499999999,0.0,0.0,0.0,0.0,0.0,3.674e7,822682.6755668877,54538.56021332651,0.0,0.0,0.0,0.0,0.0,3.7054e7,791035.9402671319,0.0,0.0,0.0,0.0,0.0,0.0,3.64e7,0.0,0.0,0.0,0.0,0.0,0.0,0.0,4.418e7,3.275130089383749e6,706061.212916866,761747.8966901327,8.927559925424002e6,2.9782328433109753e7,7.693756372278266e6,1.7123106121860567e7
M,2.49332e7,9.29948007e7,7.220445586e7,4.173527012e7,5.3561475e7,7.3504986538e7,7.660399196e7,1.250073e8,4.0102e7,1.2080558308787802e8,5.949180510401795e7,2.702468057172594e8,1.3674978280191243e8,9.761953072887504e7,9.941751661923434e7,2.931819154297012e8,3.3018e7,1.2737509035953714e8,1.920180259496399e7,1.2231498169533363e7,1.4099400336849415e8,7.220229011511758e7,1.2679377384878935e8,1.462606575354693e8,4.16e7,1.0010613e8,8.910819225e7,9.484210400000001e7,4.366875e7,5.29125e7,4.8511995e7,1.3843891979999998e8,0.0,0.0,0.0,0.0,0.0,0.0,0.0,0.0
P,2.2078e7,187971.85,97223.23499999999,0.0,0.0,0.0,0.0,0.0,4.0719e7,145827.32117681962,52529.997834876085,0.0,0.0,0.0,0.0,0.0,2.9066000000000004e7,226203.03272907677,10308.913052661394,0.0,0.0,0.0,0.0,0.0,4.16e7,0.0,0.0,0.0,0.0,0.0,0.0,0.0,4.3209e7,797721.9614385116,80353.03472583016,0.0,0.0,0.0,0.0,0.0
R,2.23436e7,1.49352179e7,5.9468212074999996e7,6.248388825e6,3.8184299999999995e6,2.986022703e6,1.3233661e6,1.8239e6,3.7176e7,1.8544028099429585e7,3.996297361162173e7,3.454617963071189e7,1.276365865694008e7,6.409387339025463e6,5.0069614468753645e6,8.408640845766634e6,0.0,0.0,0.0,0.0,0.0,0.0,0.0,0.0,4.16e7,2.0989995e7,5.130471675e7,1.1855263000000002e7,1.2227250000000002e7,1.05825e7,2.310095e6,7.691051100000001e6,4.236e7,1.1717515246837173e8,6.3647805979080714e7,2.786100646417886e7,1.857760213617584e7,5.5480348391254485e7,2.0436584427481756e7,7.74825748075305e7
S,2.33728e7,0.0,0.0,0.0,0.0,0.0,0.0,0.0,4.5415e7,0.0,0.0,0.0,0.0,0.0,0.0,0.0,3.0489999999999996e7,0.0,0.0,0.0,0.0,0.0,0.0,0.0,3.64e7,0.0,0.0,0.0,0.0,0.0,0.0,0.0,4.214e7,0.0,0.0,0.0,0.0,0.0,0.0,0.0
T,2.5663599999999996e7,3.685957095e7,2.2069674345e7,6.2384707475e6,1.1445885e7,6.5786399551e7,7.562092e7,8.479732e7,4.4831e7,1.0375915388731056e8,1.064915038991797e8,1.6044702051286393e8,7.875991589634132e7,9.300645693209949e7,1.1520918258269346e8,1.759978887245321e8,2.9757000000000004e7,1.061051599817069e8,1.1294576348421316e8,3.221837635302599e7,1.5830148487299812e8,7.792601885849555e7,1.1834715948333421e8,2.0590587440920264e8,0.0,0.0,0.0,0.0,0.0,0.0,0.0,0.0,4.1666e7,393277.0577412861,0.0,2.7858894880305827e7,6.896037613968064e7,2.0349159152494666e8,6.935662665615982e7,2.3741629876669005e8
W,2.43356e7,5.38283025e6,97223.23499999999,9918.077500000001,0.0,0.0,0.0,0.0,4.1634e7,2.619087850187636e7,475977.5098911833,6126.543572898442,0.0,0.0,0.0,0.0,3.2402000000000004e7,6.715513583997288e6,35335.10043912868,0.0,0.0,0.0,0.0,0.0,3.64e7,4.843845e6,0.0,0.0,0.0,0.0,0.0,0.0,4.1911e7,1.0051857312302997e7,146427.23518318025,5136.134488777,0.0,0.0,0.0,0.0
Y,2.38708e7,358855.35,0.0,0.0,0.0,0.0,0.0,0.0,4.0659e7,766440.6215446042,35668.76296701153,3328.249607605421,76.99648524231685,0.0,60.78081079710642,0.0,3.1192e7,415704.31434638007,10680.009939043975,4175.709047254488,0.0,0.0,0.0,128.19889293319,4.16e7,0.0,0.0,0.0,0.0,0.0,0.0,0.0,4.2374e7,2.6753982635552776e6,40068.59975326348,12453.526528948918,0.0,0.0,62.17665948380298,0.0
