,1,2,3,4,5,6,7,8,9,10,11,12,13,14,15,16,17,18,19,20,21,22,23,24,25,26,27,28,29,30,31,32,33,34,35,36,37,38,39,40,41,42,43,44,45,46,47,48
1,-35390000,176958000,-10112000,601670000,40450000,106178000,-20224000,-5056000,0,-15168000,-10112000,975780000,-15172000,672450000,-15168000,-15168000,-20224000,-10112000,15168000,40444000,-30336000,20222000,20222000,-5056000,0,20224000,0,20228000,5056000,5056000,20228000,30338000,91012000,91008000,257854000,743232000,849410000,187070000,768510000,667360000,495490000,45504000,1026320000,45504000,35396000,45504000,-15168000,530850000
2,25276000,15168000,15168000,293250000,80892000,15168000,101116000,0,0,-5056000,-10112000,35400000,20224000,960604000,65730000,-15168000,-20224000,-15168000,-10112000,20228000,1228616000,55620000,379200000,0,20222000,20228000,15160000,20228000,35388000,247740000,96062000,141572000,262916000,207300000,798840000,905000000,773572000,80900000,632000000,328640000,500550000,10112000,1031400000,-5056000,30340000,35394000,25280000,662290000
3,25280000,0,-15168000,419650000,75840000,30340000,141568000,-25280000,-10112000,20224000,-10112000,25280000,0,955560000,45506000,5056000,0,5056000,-15168000,25280000,899966000,35390000,252800000,-15168000,20220000,30340000,-20220000,10110000,25282000,434816000,85952000,121340000,278080000,212350000,854466000,793796000,697720000,70780000,591560000,404480000,480320000,5056000,1162870000,5056000,-5056000,30338000,-10112000,591590000
4,374140000,348866000,273030000,0,187072000,429764000,849412000,540992000,308410000,298300000,-40448000,869630000,25282000,1031392000,374140000,-15168000,0,5056000,10112000,389316000,30336000,25282000,202242000,5050000,20228000,40448000,15172000,30338000,35388000,156732000,121346000,252802000,232576000,176956000,798840000,677510000,500546000,116290000,500540000,384260000,389310000,15168000,1102180000,30336000,35394000,141572000,5056000,500570000
5,25280000,121346000,85950000,197180000,-20224000,80894000,65724000,111232000,490430000,490430000,-5056000,166850000,-5060000,338748000,-10112000,0,-10112000,10112000,-10112000,0,182016000,25278000,121342000,-10112000,10110000,45506000,15166000,15172000,25276000,80892000,45508000,50562000,151682000,106176000,1258992000,313470000,596610000,70780000,586500000,566270000,621890000,-10112000,980848000,0,0,10112000,-10112000,586470000
6,106172000,25280000,25280000,884798000,40444000,10112000,778620000,894914000,323580000,1218460000,50556000,591560000,227518000,728068000,0,10112000,10112000,91012000,1071916000,283140000,45500000,30336000,25280000,60670000,50558000,121348000,70784000,328638000,30338000,232580000,40452000,96066000,156732000,197186000,773566000,1076970000,91012000,50560000,520768000,814020000,697730000,343812000,1117336000,50560000,45508000,217404000,-20224000,616860000
7,5050000,91008000,55616000,743230000,35390000,626940000,-5056000,1142636000,1046604000,1112292000,25280000,520770000,-10116000,834242000,-5056000,0,-15168000,0,-5056000,278080000,798850000,35390000,40450000,15160000,25280000,40446000,50564000,50558000,30340000,591550000,25278000,10116000,60670000,65730000,379200000,748280000,232580000,131452000,500540000,404480000,601620000,1076936000,146630000,803900000,672450000,616830000,0,374200000
8,15168000,-15168000,0,273024000,70788000,920204000,1279148000,-5056000,15168000,0,15168000,884830000,-25280000,990936000,0,-10112000,-15168000,-5056000,10112000,202242000,-5056000,-5056000,5056000,-5050000,5056000,25282000,-10112000,20222000,15168000,60670000,15172000,55612000,5056000,20228000,1076900000,854480000,455040000,101116000,642110000,793790000,601660000,232578000,1309460000,490428000,394366000,763452000,45506000,439860000
9,5060000,5056000,5056000,965710000,490432000,1208392000,1162860000,15168000,25282000,5056000,5056000,894860000,-15172000,1324700000,753346000,-10116000,116286000,637054000,1208416000,950548000,-15168000,20222000,35392000,20228000,0,25276000,748290000,55620000,15168000,10112000,80896000,30336000,50562000,60668000,1142620000,950570000,1269030000,1127480000,1142620000,445000000,980890000,20224000,1066848000,15168000,5056000,5056000,25280000,530900000
10,-10112000,15168000,-20224000,166852000,788740000,1193260000,1071916000,5056000,5056000,0,5056000,808970000,-20224000,1223570000,353922000,5056000,323584000,990972000,1223528000,1051648000,-35392000,20228000,30340000,40440000,-15168000,30338000,667390000,50558000,20226000,5056000,111236000,40444000,60670000,60674000,1213490000,839270000,1289320000,1041548000,1173030000,399400000,773580000,35390000,1026336000,-10112000,-10112000,-10112000,-10112000,657300000
11,30340000,5056000,-5056000,30334000,20228000,85956000,80900000,-10112000,5056000,10112000,5056000,25278000,-10112000,-15168000,-20224000,-10112000,-15168000,-10112000,35392000,-15168000,0,10112000,25284000,0,-15172000,-5056000,-5056000,10112000,5056000,15168000,20224000,30336000,65724000,60674000,136510000,10112000,70786000,15168000,465156000,672450000,606720000,10112000,40444000,10112000,0,10112000,-5056000,505580000
12,616830000,35388000,40450000,839290000,131450000,667394000,601660000,808958000,803910000,702790000,10116000,20230000,-15168000,5056000,50560000,15168000,0,5056000,1370204000,101118000,-5056000,0,5056000,15160000,-10110000,10112000,0,15168000,10110000,70788000,45500000,91006000,156736000,156736000,1142660000,717950000,783680000,500546000,621890000,348860000,419640000,551102000,1016270000,374148000,414588000,434816000,10112000,455070000
13,15160000,5056000,-5056000,25284000,-5056000,207294000,-15168000,0,0,-10112000,-5056000,5056000,-10112000,5056000,-25280000,-20224000,-15168000,25280000,5056000,-10112000,-15168000,0,10112000,-5056000,-5060000,-5056000,-10112000,0,-10112000,5056000,30340000,25280000,70784000,75844000,40450000,0,5060000,15168000,45502000,96060000,798850000,-20224000,75844000,0,15168000,-10112000,-20224000,551100000
14,829184000,384258000,945448000,879746000,394370000,738178000,915170000,808958000,925270000,884780000,5056000,35390000,10112000,0,45500000,5056000,20224000,15168000,1430804000,182014000,0,15168000,10112000,5060000,-5056000,0,-10112000,0,10112000,80898000,65726000,116290000,197186000,207290000,935400000,723010000,814010000,667390000,783660000,515680000,662350000,1016248000,1026330000,611778000,535938000,798852000,10112000,561170000
15,10110000,50560000,106180000,591552000,-5056000,25280000,25280000,35394000,136514000,136514000,5056000,60674000,0,50560000,-10112000,10112000,0,-10112000,5056000,5056000,313474000,10112000,5056000,-5056000,-10110000,-10112000,-5056000,5056000,-20224000,-15168000,10112000,5056000,35392000,35392000,126398000,136510000,25280000,20224000,176958000,358970000,176960000,30336000,990948000,-10112000,10112000,45506000,20224000,540960000
16,15172000,0,5056000,10112000,15168000,91008000,70780000,10112000,20222000,15168000,5056000,40450000,-25280000,5056000,-5056000,55616000,-5056000,-5056000,156740000,0,-5056000,-5056000,30340000,5060000,10116000,5056000,0,30332000,-10112000,10112000,10112000,5060000,40440000,40450000,252800000,15170000,50558000,25278000,217406000,687610000,444920000,10112000,75836000,10112000,5056000,30338000,35390000,576420000
17,15166000,10112000,20224000,25276000,35394000,45500000,15168000,15168000,116286000,85950000,0,45500000,5060000,35390000,-10112000,0,5056000,5060000,10116000,-10112000,374140000,5050000,-10110000,10112000,0,10112000,10112000,0,-15168000,30334000,30334000,40450000,65732000,50562000,75840000,60670000,30340000,20226000,60670000,460100000,212350000,15168000,116292000,10112000,10112000,5056000,-10112000,475240000
18,0,15168000,15168000,35390000,25280000,677504000,30336000,10112000,303362000,192130000,20224000,10110000,20220000,55616000,5056000,-5056000,10112000,15168000,30332000,-5056000,707844000,30340000,15160000,-25280000,0,10112000,-5056000,0,0,25280000,30336000,40446000,121344000,91004000,96066000,60670000,217410000,30338000,75840000,439870000,207290000,25278000,126398000,10116000,5056000,10112000,-10112000,475290000
19,45506000,20224000,20224000,35388000,20224000,1162904000,60674000,106180000,1264016000,1461228000,80900000,1178092000,146620000,965680000,10112000,151680000,35396000,15170000,-15168000,273022000,1173000000,10110000,0,25276000,15170000,15168000,0,20224000,0,35392000,25280000,40450000,55618000,85954000,252798000,131456000,141560000,30334000,141570000,667390000,510660000,111232000,859522000,15168000,20228000,25282000,15168000,480340000
20,40450000,35388000,30338000,288196000,10112000,182020000,247746000,182014000,1056660000,1061804000,5056000,70790000,5056000,106176000,15168000,0,-10112000,5056000,96068000,-10112000,839300000,25280000,20230000,5050000,5056000,-10112000,-10112000,0,10112000,20224000,35396000,35392000,293244000,267964000,237628000,141560000,389316000,20222000,75840000,500540000,530880000,35388000,980836000,10112000,5056000,10112000,-5056000,434840000
21,5050000,1087072000,1021348000,262908000,176958000,1167960000,1314536000,-5056000,-5056000,-20224000,20224000,0,-10110000,20228000,257856000,-15168000,384256000,353920000,1087048000,819076000,-10112000,20230000,25280000,-10112000,5060000,0,10112000,10112000,0,5056000,30336000,80896000,80892000,101116000,1071904000,839298000,889870000,409534000,788730000,768530000,778610000,25278000,1092090000,101124000,121342000,136508000,-5056000,460100000
22,20228000,35392000,35390000,50562000,25278000,35394000,35388000,5056000,5056000,10112000,20224000,15170000,-5060000,50560000,0,20226000,25280000,20220000,20220000,25276000,40450000,20226000,15160000,-10112000,-5060000,-5056000,0,-5056000,5056000,10112000,-5056000,5056000,20224000,30336000,176956000,25280000,101120000,30340000,131460000,621880000,561220000,30332000,222466000,15166000,20222000,20226000,15168000,480320000
23,5060000,348860000,197186000,146622000,50560000,15168000,40446000,15168000,15172000,20220000,15166000,30330000,25280000,20230000,15160000,-5060000,5060000,0,10110000,10110000,30330000,5060000,-10110000,-5060000,-20222000,15168000,10112000,0,5056000,20224000,10112000,35396000,10112000,20224000,30340000,70780000,35400000,15170000,80890000,540990000,485370000,5050000,1026410000,10110000,15170000,10110000,20224000,419660000
24,20228000,0,5056000,0,10112000,111230000,30330000,5056000,20226000,0,0,30340000,5056000,30336000,-25280000,-10112000,15168000,-10112000,-5056000,10112000,20224000,30340000,30340000,5060000,10112000,25284000,-5056000,-10112000,0,5056000,5056000,0,15168000,25280000,91010000,35390000,35396000,20222000,111230000,91010000,323590000,0,35388000,-10112000,35388000,-20224000,-5056000,429730000
25,5056000,5056000,10112000,30332000,35388000,348864000,30340000,5056000,5056000,5056000,5056000,20224000,10116000,30332000,10112000,10112000,25284000,35394000,45500000,35390000,80900000,20220000,10110000,35388000,-15166000,-10112000,-30336000,-10112000,-15168000,0,25282000,30332000,70782000,80898000,171900000,30338000,70780000,20230000,217410000,702780000,540990000,15166000,262910000,10110000,15170000,5060000,-10112000,470180000
26,0,10112000,0,30334000,20224000,672444000,45506000,-5056000,5056000,10112000,5056000,15160000,10112000,40450000,5056000,5056000,20224000,25280000,40452000,5056000,50558000,20226000,15160000,10120000,5056000,-5056000,-10112000,-10112000,-5056000,-10112000,20224000,30338000,75838000,75844000,161792000,91000000,217410000,45506000,308420000,637060000,611780000,5056000,788740000,-10112000,5056000,0,-5056000,586480000
27,45506000,20224000,15168000,15172000,35390000,116286000,25276000,-10112000,652220000,475260000,5056000,0,5056000,5056000,-5056000,5056000,10112000,20224000,25278000,10112000,45500000,10116000,10110000,40444000,-5056000,-15168000,-15168000,-15168000,-15168000,0,10112000,15168000,50562000,40448000,55616000,60672000,106180000,30332000,207300000,712890000,642110000,5056000,505596000,20228000,25282000,10110000,5056000,455060000
28,0,10112000,20224000,45500000,20224000,591550000,40444000,-10112000,40446000,30338000,0,20220000,0,20224000,5056000,0,5056000,25280000,20224000,10112000,80892000,30332000,25276000,25280000,5056000,-20224000,-5056000,-15168000,10112000,-10112000,0,10112000,70790000,96064000,171900000,96070000,273030000,35396000,303360000,571330000,571330000,25284000,596606000,-5056000,5056000,10116000,-10112000,404510000
29,20220000,25280000,5056000,45504000,30334000,156732000,45500000,-5056000,25284000,15168000,-5056000,5056000,15172000,20224000,15168000,5056000,5056000,50556000,45502000,15168000,75844000,25282000,20226000,15168000,0,-5056000,-5056000,-15168000,-20224000,-10112000,5056000,5056000,80898000,55614000,151678000,60672000,96060000,45508000,232580000,652230000,571320000,10112000,480324000,15168000,0,40452000,5056000,384300000
30,5056000,121344000,571324000,80900000,45500000,156734000,510660000,60672000,0,0,0,40450000,15168000,70780000,-15168000,30336000,30340000,50556000,45508000,60670000,20224000,35388000,20222000,25276000,45502000,0,-10112000,-15168000,-5056000,0,10112000,60676000,65730000,288196000,247748000,131460000,136510000,15172000,455040000,364030000,485380000,5056000,925292000,5056000,0,5056000,-5056000,530840000
31,5050000,131460000,207296000,283132000,50556000,146626000,0,15168000,15168000,15168000,0,50558000,15160000,65728000,10112000,15168000,10112000,25280000,30340000,30338000,20224000,20220000,30336000,10112000,45500000,10112000,-10112000,0,-5056000,0,-5056000,10112000,55614000,30336000,121346000,126402000,480320000,35390000,455040000,601660000,444930000,0,874688000,20228000,-5060000,15170000,-5056000,495460000
32,10112000,171906000,197186000,384256000,40450000,227518000,20222000,45502000,25282000,25280000,0,50560000,40440000,116290000,40444000,45502000,40444000,40452000,60672000,65732000,40446000,40450000,40440000,10110000,35388000,35388000,20228000,35388000,25278000,75838000,55614000,25284000,45500000,60670000,131450000,192130000,647160000,35390000,449980000,546050000,404480000,25280000,1233670000,20220000,15170000,35390000,45502000,470180000
33,45500000,227520000,353920000,328636000,70786000,369092000,121340000,20228000,60674000,80894000,65732000,161790000,60670000,136520000,55616000,30340000,45510000,70790000,45500000,252800000,55610000,25280000,10110000,55614000,65730000,40450000,40446000,106180000,60670000,101120000,30340000,60680000,30332000,35388000,257860000,854460000,682560000,60676000,358980000,460090000,505600000,55616000,874690000,55612000,55616000,85950000,-15168000,505620000
34,70782000,227524000,308412000,348866000,80894000,283140000,80900000,10112000,45502000,70784000,50562000,70790000,75840000,151680000,45508000,65724000,50558000,60676000,50562000,217410000,80900000,15170000,10110000,5060000,91010000,55610000,30336000,141570000,55610000,146630000,35390000,60680000,-20220000,20222000,515720000,106170000,687620000,70784000,444930000,429760000,470210000,50564000,894912000,45504000,35388000,91008000,20224000,429710000
35,465150000,844360000,839300000,991010000,1016280000,925292000,470200000,920200000,1112300000,1264030000,80900000,955570000,96070000,1046630000,106172000,227520000,40450000,85950000,323586000,242690000,930270000,121340000,25278000,91006000,55620000,126400000,30332000,166850000,91010000,197180000,70780000,166850000,257860000,465160000,25280000,824120000,409530000,227520000,702790000,616840000,606720000,955592000,1142630000,267964000,232576000,252800000,35392000,444940000
36,814012000,819070000,869636000,723006000,207296000,768508000,748280000,803910000,854430000,899940000,0,717950000,30338000,940390000,85950000,25280000,45504000,65724000,131460000,85950000,899964000,45504000,91010000,40450000,40452000,91012000,55620000,91006000,55616000,222466000,116280000,202240000,136510000,146620000,910036000,25280000,788736000,171908000,647170000,187060000,151680000,581436000,980830000,783676000,616836000,859524000,10112000,358940000
37,940400000,814018000,778620000,672450000,712896000,207294000,353920000,551100000,1016260000,970730000,65728000,803910000,15160000,970792000,55614000,480322000,237628000,96062000,202238000,510654000,1016216000,141570000,80900000,217408000,166850000,369090000,227520000,439870000,217410000,353918000,394372000,621886000,677500000,763460000,556160000,768510000,-5050000,-5056000,-5056000,25280000,25280000,429758000,1036448000,642108000,626940000,829182000,0,434850000
38,217410000,60668000,65726000,192132000,50560000,80892000,146620000,166852000,996070000,879750000,20224000,505600000,0,465150000,25280000,15168000,10112000,15168000,10112000,20224000,288190000,55612000,35396000,15170000,45508000,75840000,40440000,65720000,55616000,55618000,35396000,70788000,80896000,75840000,212356000,156730000,-10112000,-5056000,-20224000,-5056000,20224000,197186000,940392000,217412000,161796000,267966000,0,419600000
39,894870000,642120000,596610000,702790000,495490000,293252000,556160000,717950000,1263960000,1198280000,379200000,657280000,101120000,990940000,146628000,207294000,106180000,111230000,96066000,116290000,839300000,136510000,96070000,166850000,126400000,328640000,217410000,338750000,217410000,293250000,343810000,419650000,288190000,343810000,551100000,657280000,5060000,-10112000,50560000,-10112000,384200000,60676000,1344910000,535930000,515708000,591560000,91012000,444940000
40,738180000,399420000,530830000,490430000,687620000,697720000,854490000,808970000,642110000,444900000,702790000,384260000,788740000,819100000,358980000,788740000,419640000,364030000,288200000,343810000,874660000,621880000,333690000,111230000,333690000,642110000,657280000,576390000,723020000,404480000,455040000,525830000,394370000,444930000,581440000,60670000,15170000,-15166000,-15168000,-5056000,121340000,652220000,1142660000,525820000,540990000,652180000,-20224000,424720000
41,576390000,530880000,495480000,404480000,824170000,773566000,434810000,869600000,1122400000,692630000,601660000,561260000,829190000,667340000,166850000,353920000,217410000,197190000,197180000,530880000,743210000,551100000,495490000,273020000,480320000,571320000,662330000,485380000,662340000,510660000,485370000,399420000,505600000,556160000,384250000,106220000,0,15166000,439900000,156730000,-30336000,778620000,1011250000,601670000,637050000,743270000,-15168000,490440000
42,10112000,80898000,40450000,5056000,20224000,1097104000,925292000,824132000,-15168000,-15168000,-5056000,935390000,-10112000,1006104000,35392000,20224000,15168000,25280000,121344000,141566000,0,20228000,25280000,15170000,30340000,5056000,20228000,30336000,30340000,25284000,40448000,35392000,60672000,75836000,687610000,171910000,632002000,80900000,111234000,182010000,803900000,-15168000,1046630000,-5056000,-10112000,-20224000,-20224000,753300000
43,945470000,1076936000,1046560000,1046580000,915120000,975848000,207296000,996020000,1001048000,1147748000,45508000,985920000,970736000,990948000,879746000,91004000,91004000,101116000,697732000,905028000,970760000,303362000,808960000,91012000,121340000,465152000,515710000,475262000,262912000,930348000,743236000,874692000,753350000,803910000,1142680000,970770000,935310000,889860000,1071890000,935380000,899960000,1178030000,-20224000,1097120000,1081970000,1203310000,-15168000,576430000
44,5056000,5056000,10112000,40444000,-5056000,40450000,753342000,697724000,5056000,-5056000,-5056000,146620000,35392000,252798000,20224000,10112000,10112000,-15168000,30336000,10112000,0,40450000,10110000,20220000,30336000,0,10116000,-5056000,5060000,40444000,30332000,30332000,55616000,101122000,166840000,637050000,283140000,30332000,632000000,460090000,576380000,-5056000,1046590000,-20224000,-5056000,-20224000,-5056000,556200000
45,10110000,-15168000,5056000,15168000,5056000,20224000,763452000,702780000,-5056000,-10112000,-15168000,414590000,15166000,763456000,30336000,15168000,15168000,15168000,5056000,5056000,5056000,35390000,15170000,5056000,5050000,10112000,25278000,5056000,25284000,35388000,25278000,30338000,45502000,40446000,176960000,495492000,55610000,35394000,616830000,535930000,637060000,-20224000,1233636000,-20224000,10112000,-10112000,-15168000,535920000
46,252804000,15168000,-10112000,50558000,20224000,35394000,768510000,793788000,-15168000,0,-10112000,495490000,10112000,905036000,15168000,15168000,10112000,10112000,5056000,0,25280000,30334000,30338000,10110000,20226000,5056000,10110000,0,5056000,30338000,25276000,55612000,75840000,65730000,192130000,510660000,136508000,80898000,657280000,525830000,541000000,-20224000,1183100000,-25280000,-20224000,-10112000,-10112000,591530000
47,0,-10112000,-20224000,5056000,-20224000,-15168000,-20224000,-15168000,-15168000,-20224000,-5056000,-5056000,5056000,20224000,10112000,15168000,5056000,15168000,0,0,10112000,15168000,20224000,5056000,-5060000,15168000,0,-10112000,-5056000,-10112000,0,-10112000,-15168000,-5056000,-25280000,-15168000,-10112000,-25280000,-15168000,-10112000,-15168000,-20224000,-20224000,-15168000,-5056000,10112000,-10112000,485360000
48,621910000,616790000,449960000,626970000,586480000,399440000,500570000,369060000,449970000,429790000,460100000,328600000,500570000,444910000,394400000,616840000,561210000,389320000,535930000,631990000,510700000,409580000,333700000,338700000,945440000,733120000,434780000,915150000,814040000,525870000,905020000,869660000,915110000,601640000,692700000,465160000,712870000,495540000,444940000,353960000,520750000,551090000,889840000,434790000,404440000,465200000,621930000,359000000
